<?xml version="1.0" encoding="UTF-8"?>
<project-private xmlns="http://www.netbeans.org/ns/project-private/1">
    <editor-bookmarks xmlns="http://www.netbeans.org/ns/editor-bookmarks/2" lastBookmarkId="0"/>
    <open-files xmlns="http://www.netbeans.org/ns/projectui-open-files/2">
        <group>
            <file>file:/C:/Users/ACER/Documents/NetBeansProjects/kasircafe2/src/MenuItem.java</file>
            <file>file:/C:/Users/ACER/Documents/NetBeansProjects/kasircafe2/src/HappyHourPromotion.java</file>
            <file>file:/C:/Users/ACER/Documents/NetBeansProjects/kasircafe2/src/Food.java</file>
            <file>file:/C:/Users/ACER/Documents/NetBeansProjects/kasircafe2/src/Main.java</file>
            <file>file:/C:/Users/ACER/Documents/NetBeansProjects/kasircafe2/src/Order.java</file>
            <file>file:/C:/Users/ACER/Documents/NetBeansProjects/kasircafe2/src/Drink.java</file>
            <file>file:/C:/Users/ACER/Documents/NetBeansProjects/kasircafe2/src/Promotion.java</file>
        </group>
    </open-files>
</project-private>
